file,line,type,commit,author,date,time,timezone,datetime,depth,length
style.css,1,css,5de29be9,Irelia-ja,2025-01-24,19:36:38,-08:00,2025-01-24T19:36:38-08:00,0,5
style.css,2,css,5de29be9,Irelia-ja,2025-01-24,19:36:38,-08:00,2025-01-24T19:36:38-08:00,0,24
style.css,3,css,5de29be9,Irelia-ja,2025-01-24,19:36:38,-08:00,2025-01-24T19:36:38-08:00,0,0
style.css,4,css,ff5680db,Irelia-ja,2025-01-11,09:16:30,-08:00,2025-01-11T09:16:30-08:00,0,5
style.css,5,css,ff5680db,Irelia-ja,2025-01-11,09:16:30,-08:00,2025-01-11T09:16:30-08:00,0,44
style.css,6,css,ff5680db,Irelia-ja,2025-01-11,09:16:30,-08:00,2025-01-11T09:16:30-08:00,0,43
style.css,7,css,ff5680db,Irelia-ja,2025-01-11,09:16:30,-08:00,2025-01-11T09:16:30-08:00,0,1
style.css,8,css,ff5680db,Irelia-ja,2025-01-11,09:16:30,-08:00,2025-01-11T09:16:30-08:00,0,24
style.css,9,css,b0d8593a,Irelia-ja,2025-01-17,19:02:24,-08:00,2025-01-17T19:02:24-08:00,0,16
style.css,10,css,b0d8593a,Irelia-ja,2025-01-17,19:02:24,-08:00,2025-01-17T19:02:24-08:00,0,19
style.css,11,css,b0d8593a,Irelia-ja,2025-01-17,19:02:24,-08:00,2025-01-17T19:02:24-08:00,0,13
style.css,12,css,b0d8593a,Irelia-ja,2025-01-17,19:02:24,-08:00,2025-01-17T19:02:24-08:00,0,0
style.css,13,css,b0d8593a,Irelia-ja,2025-01-17,19:02:24,-08:00,2025-01-17T19:02:24-08:00,0,6
style.css,14,css,b0d8593a,Irelia-ja,2025-01-17,19:02:24,-08:00,2025-01-17T19:02:24-08:00,0,17
style.css,15,css,b0d8593a,Irelia-ja,2025-01-17,19:02:24,-08:00,2025-01-17T19:02:24-08:00,0,0
style.css,16,css,b0d8593a,Irelia-ja,2025-01-17,19:02:24,-08:00,2025-01-17T19:02:24-08:00,0,9
style.css,17,css,b0d8593a,Irelia-ja,2025-01-17,19:02:24,-08:00,2025-01-17T19:02:24-08:00,0,17
style.css,18,css,b0d8593a,Irelia-ja,2025-01-17,19:02:24,-08:00,2025-01-17T19:02:24-08:00,0,0
style.css,19,css,b0d8593a,Irelia-ja,2025-01-17,19:02:24,-08:00,2025-01-17T19:02:24-08:00,0,4
style.css,20,css,5de29be9,Irelia-ja,2025-01-24,19:36:38,-08:00,2025-01-24T19:36:38-08:00,0,40
style.css,21,css,b0d8593a,Irelia-ja,2025-01-17,19:02:24,-08:00,2025-01-17T19:02:24-08:00,0,13
style.css,22,css,b0d8593a,Irelia-ja,2025-01-17,19:02:24,-08:00,2025-01-17T19:02:24-08:00,0,18
style.css,23,css,b0d8593a,Irelia-ja,2025-01-17,19:02:24,-08:00,2025-01-17T19:02:24-08:00,0,42
style.css,24,css,5de29be9,Irelia-ja,2025-01-24,19:36:38,-08:00,2025-01-24T19:36:38-08:00,0,40
style.css,25,css,b0d8593a,Irelia-ja,2025-01-17,19:02:24,-08:00,2025-01-17T19:02:24-08:00,0,0
style.css,26,css,b0d8593a,Irelia-ja,2025-01-17,19:02:24,-08:00,2025-01-17T19:02:24-08:00,0,6
style.css,27,css,b0d8593a,Irelia-ja,2025-01-17,19:02:24,-08:00,2025-01-17T19:02:24-08:00,0,7
style.css,28,css,b0d8593a,Irelia-ja,2025-01-17,19:02:24,-08:00,2025-01-17T19:02:24-08:00,0,21
style.css,29,css,b0d8593a,Irelia-ja,2025-01-17,19:02:24,-08:00,2025-01-17T19:02:24-08:00,0,14
style.css,30,css,b0d8593a,Irelia-ja,2025-01-17,19:02:24,-08:00,2025-01-17T19:02:24-08:00,0,18
style.css,31,css,b0d8593a,Irelia-ja,2025-01-17,19:02:24,-08:00,2025-01-17T19:02:24-08:00,0,14
style.css,32,css,b0d8593a,Irelia-ja,2025-01-17,19:02:24,-08:00,2025-01-17T19:02:24-08:00,0,0
style.css,33,css,b0d8593a,Irelia-ja,2025-01-17,19:02:24,-08:00,2025-01-17T19:02:24-08:00,0,14
style.css,34,css,b0d8593a,Irelia-ja,2025-01-17,19:02:24,-08:00,2025-01-17T19:02:24-08:00,0,44
style.css,35,css,b0d8593a,Irelia-ja,2025-01-17,19:02:24,-08:00,2025-01-17T19:02:24-08:00,0,22
style.css,36,css,b0d8593a,Irelia-ja,2025-01-17,19:02:24,-08:00,2025-01-17T19:02:24-08:00,0,0
style.css,37,css,b0d8593a,Irelia-ja,2025-01-17,19:02:24,-08:00,2025-01-17T19:02:24-08:00,0,6
style.css,38,css,b0d8593a,Irelia-ja,2025-01-17,19:02:24,-08:00,2025-01-17T19:02:24-08:00,0,32
style.css,39,css,b0d8593a,Irelia-ja,2025-01-17,19:02:24,-08:00,2025-01-17T19:02:24-08:00,0,33
style.css,40,css,b0d8593a,Irelia-ja,2025-01-17,19:02:24,-08:00,2025-01-17T19:02:24-08:00,0,0
style.css,41,css,b0d8593a,Irelia-ja,2025-01-17,19:02:24,-08:00,2025-01-17T19:02:24-08:00,0,12
style.css,42,css,b0d8593a,Irelia-ja,2025-01-17,19:02:24,-08:00,2025-01-17T19:02:24-08:00,0,46
style.css,43,css,b0d8593a,Irelia-ja,2025-01-17,19:02:24,-08:00,2025-01-17T19:02:24-08:00,0,22
style.css,44,css,5de29be9,Irelia-ja,2025-01-24,19:36:38,-08:00,2025-01-24T19:36:38-08:00,0,70
style.css,45,css,b0d8593a,Irelia-ja,2025-01-17,19:02:24,-08:00,2025-01-17T19:02:24-08:00,0,0
style.css,46,css,b0d8593a,Irelia-ja,2025-01-17,19:02:24,-08:00,2025-01-17T19:02:24-08:00,0,6
style.css,47,css,b0d8593a,Irelia-ja,2025-01-17,19:02:24,-08:00,2025-01-17T19:02:24-08:00,0,13
style.css,48,css,b0d8593a,Irelia-ja,2025-01-17,19:02:24,-08:00,2025-01-17T19:02:24-08:00,0,0
style.css,49,css,b0d8593a,Irelia-ja,2025-01-17,19:02:24,-08:00,2025-01-17T19:02:24-08:00,0,9
style.css,50,css,b0d8593a,Irelia-ja,2025-01-17,19:02:24,-08:00,2025-01-17T19:02:24-08:00,0,13
style.css,51,css,b0d8593a,Irelia-ja,2025-01-17,19:02:24,-08:00,2025-01-17T19:02:24-08:00,0,0
style.css,52,css,b0d8593a,Irelia-ja,2025-01-17,19:02:24,-08:00,2025-01-17T19:02:24-08:00,0,7
style.css,53,css,b0d8593a,Irelia-ja,2025-01-17,19:02:24,-08:00,2025-01-17T19:02:24-08:00,0,13
style.css,54,css,b0d8593a,Irelia-ja,2025-01-17,19:02:24,-08:00,2025-01-17T19:02:24-08:00,0,0
style.css,55,css,b0d8593a,Irelia-ja,2025-01-17,19:02:24,-08:00,2025-01-17T19:02:24-08:00,0,5
style.css,56,css,b0d8593a,Irelia-ja,2025-01-17,19:02:24,-08:00,2025-01-17T19:02:24-08:00,0,13
style.css,57,css,b0d8593a,Irelia-ja,2025-01-17,19:02:24,-08:00,2025-01-17T19:02:24-08:00,0,31
style.css,58,css,b0d8593a,Irelia-ja,2025-01-17,19:02:24,-08:00,2025-01-17T19:02:24-08:00,0,8
style.css,59,css,b0d8593a,Irelia-ja,2025-01-17,19:02:24,-08:00,2025-01-17T19:02:24-08:00,0,0
style.css,60,css,b0d8593a,Irelia-ja,2025-01-17,19:02:24,-08:00,2025-01-17T19:02:24-08:00,0,10
style.css,61,css,b0d8593a,Irelia-ja,2025-01-17,19:02:24,-08:00,2025-01-17T19:02:24-08:00,0,13
style.css,62,css,b0d8593a,Irelia-ja,2025-01-17,19:02:24,-08:00,2025-01-17T19:02:24-08:00,0,30
style.css,63,css,b0d8593a,Irelia-ja,2025-01-17,19:02:24,-08:00,2025-01-17T19:02:24-08:00,0,19
style.css,64,css,b0d8593a,Irelia-ja,2025-01-17,19:02:24,-08:00,2025-01-17T19:02:24-08:00,0,0
style.css,65,css,b0d8593a,Irelia-ja,2025-01-17,19:02:24,-08:00,2025-01-17T19:02:24-08:00,0,12
style.css,66,css,b0d8593a,Irelia-ja,2025-01-17,19:02:24,-08:00,2025-01-17T19:02:24-08:00,0,19
style.css,67,css,b0d8593a,Irelia-ja,2025-01-17,19:02:24,-08:00,2025-01-17T19:02:24-08:00,0,13
style.css,68,css,b0d8593a,Irelia-ja,2025-01-17,19:02:24,-08:00,2025-01-17T19:02:24-08:00,0,19
style.css,69,css,b0d8593a,Irelia-ja,2025-01-17,19:02:24,-08:00,2025-01-17T19:02:24-08:00,0,23
style.css,70,css,b0d8593a,Irelia-ja,2025-01-17,19:02:24,-08:00,2025-01-17T19:02:24-08:00,0,0
style.css,71,css,b0d8593a,Irelia-ja,2025-01-17,19:02:24,-08:00,2025-01-17T19:02:24-08:00,0,10
style.css,72,css,b0d8593a,Irelia-ja,2025-01-17,19:02:24,-08:00,2025-01-17T19:02:24-08:00,0,13
style.css,73,css,b0d8593a,Irelia-ja,2025-01-17,19:02:24,-08:00,2025-01-17T19:02:24-08:00,0,58
style.css,74,css,b0d8593a,Irelia-ja,2025-01-17,19:02:24,-08:00,2025-01-17T19:02:24-08:00,0,0
style.css,75,css,b0d8593a,Irelia-ja,2025-01-17,19:02:24,-08:00,2025-01-17T19:02:24-08:00,0,18
style.css,76,css,b0d8593a,Irelia-ja,2025-01-17,19:02:24,-08:00,2025-01-17T19:02:24-08:00,0,27
style.css,77,css,b0d8593a,Irelia-ja,2025-01-17,19:02:24,-08:00,2025-01-17T19:02:24-08:00,0,16
style.css,78,css,b0d8593a,Irelia-ja,2025-01-17,19:02:24,-08:00,2025-01-17T19:02:24-08:00,0,8
style.css,79,css,b0d8593a,Irelia-ja,2025-01-17,19:02:24,-08:00,2025-01-17T19:02:24-08:00,0,0
style.css,80,css,b0d8593a,Irelia-ja,2025-01-17,19:02:24,-08:00,2025-01-17T19:02:24-08:00,0,13
style.css,81,css,b0d8593a,Irelia-ja,2025-01-17,19:02:24,-08:00,2025-01-17T19:02:24-08:00,0,9
style.css,82,css,b0d8593a,Irelia-ja,2025-01-17,19:02:24,-08:00,2025-01-17T19:02:24-08:00,0,0
style.css,83,css,b0d8593a,Irelia-ja,2025-01-17,19:02:24,-08:00,2025-01-17T19:02:24-08:00,0,3
style.css,84,css,b0d8593a,Irelia-ja,2025-01-17,19:02:24,-08:00,2025-01-17T19:02:24-08:00,0,15
style.css,85,css,b0d8593a,Irelia-ja,2025-01-17,19:02:24,-08:00,2025-01-17T19:02:24-08:00,0,16
style.css,86,css,b0d8593a,Irelia-ja,2025-01-17,19:02:24,-08:00,2025-01-17T19:02:24-08:00,0,18
style.css,87,css,b0d8593a,Irelia-ja,2025-01-17,19:02:24,-08:00,2025-01-17T19:02:24-08:00,0,0
style.css,88,css,b0d8593a,Irelia-ja,2025-01-17,19:02:24,-08:00,2025-01-17T19:02:24-08:00,0,19
style.css,89,css,b0d8593a,Irelia-ja,2025-01-17,19:02:24,-08:00,2025-01-17T19:02:24-08:00,0,16
style.css,90,css,b0d8593a,Irelia-ja,2025-01-17,19:02:24,-08:00,2025-01-17T19:02:24-08:00,0,18
style.css,91,css,fcc386a9,Irelia-ja,2025-01-17,19:18:34,-08:00,2025-01-17T19:18:34-08:00,0,0
style.css,92,css,fcc386a9,Irelia-ja,2025-01-17,19:18:34,-08:00,2025-01-17T19:18:34-08:00,0,12
style.css,93,css,fcc386a9,Irelia-ja,2025-01-17,19:18:34,-08:00,2025-01-17T19:18:34-08:00,0,13
style.css,94,css,fcc386a9,Irelia-ja,2025-01-17,19:18:34,-08:00,2025-01-17T19:18:34-08:00,0,58
style.css,95,css,fcc386a9,Irelia-ja,2025-01-17,19:18:34,-08:00,2025-01-17T19:18:34-08:00,0,0
style.css,96,css,fcc386a9,Irelia-ja,2025-01-17,19:18:34,-08:00,2025-01-17T19:18:34-08:00,0,32
style.css,97,css,fcc386a9,Irelia-ja,2025-01-17,19:18:34,-08:00,2025-01-17T19:18:34-08:00,0,30
style.css,98,css,fcc386a9,Irelia-ja,2025-01-17,19:18:34,-08:00,2025-01-17T19:18:34-08:00,0,19
style.css,99,css,fcc386a9,Irelia-ja,2025-01-17,19:18:34,-08:00,2025-01-17T19:18:34-08:00,0,0
style.css,100,css,fcc386a9,Irelia-ja,2025-01-17,19:18:34,-08:00,2025-01-17T19:18:34-08:00,0,28
style.css,101,css,fcc386a9,Irelia-ja,2025-01-17,19:18:34,-08:00,2025-01-17T19:18:34-08:00,0,30
style.css,102,css,fcc386a9,Irelia-ja,2025-01-17,19:18:34,-08:00,2025-01-17T19:18:34-08:00,0,14
style.css,103,css,fcc386a9,Irelia-ja,2025-01-17,19:18:34,-08:00,2025-01-17T19:18:34-08:00,0,0
style.css,104,css,fcc386a9,Irelia-ja,2025-01-17,19:18:34,-08:00,2025-01-17T19:18:34-08:00,0,20
style.css,105,css,fcc386a9,Irelia-ja,2025-01-17,19:18:34,-08:00,2025-01-17T19:18:34-08:00,0,30
style.css,106,css,fcc386a9,Irelia-ja,2025-01-17,19:18:34,-08:00,2025-01-17T19:18:34-08:00,0,19
style.css,107,css,5de29be9,Irelia-ja,2025-01-24,19:36:38,-08:00,2025-01-24T19:36:38-08:00,0,0
style.css,108,css,5de29be9,Irelia-ja,2025-01-24,19:36:38,-08:00,2025-01-24T19:36:38-08:00,0,19
style.css,109,css,5de29be9,Irelia-ja,2025-01-24,19:36:38,-08:00,2025-01-24T19:36:38-08:00,0,18
style.css,110,css,5de29be9,Irelia-ja,2025-01-24,19:36:38,-08:00,2025-01-24T19:36:38-08:00,0,9
style.css,111,css,5de29be9,Irelia-ja,2025-01-24,19:36:38,-08:00,2025-01-24T19:36:38-08:00,0,11
style.css,112,css,5de29be9,Irelia-ja,2025-01-24,19:36:38,-08:00,2025-01-24T19:36:38-08:00,0,0
style.css,113,css,5de29be9,Irelia-ja,2025-01-24,19:36:38,-08:00,2025-01-24T19:36:38-08:00,0,26
style.css,114,css,5de29be9,Irelia-ja,2025-01-24,19:36:38,-08:00,2025-01-24T19:36:38-08:00,0,13
style.css,115,css,5de29be9,Irelia-ja,2025-01-24,19:36:38,-08:00,2025-01-24T19:36:38-08:00,0,14
style.css,116,css,08fa49f9,Irelia-ja,2025-02-08,19:37:01,-08:00,2025-02-08T19:37:01-08:00,0,0
style.css,117,css,08fa49f9,Irelia-ja,2025-02-08,19:37:01,-08:00,2025-02-08T19:37:01-08:00,0,17
style.css,118,css,08fa49f9,Irelia-ja,2025-02-08,19:37:01,-08:00,2025-02-08T19:37:01-08:00,0,24
style.css,119,css,08fa49f9,Irelia-ja,2025-02-08,19:37:01,-08:00,2025-02-08T19:37:01-08:00,0,34
style.css,120,css,08fa49f9,Irelia-ja,2025-02-08,19:37:01,-08:00,2025-02-08T19:37:01-08:00,0,0
style.css,121,css,08fa49f9,Irelia-ja,2025-02-08,19:37:01,-08:00,2025-02-08T19:37:01-08:00,0,19
style.css,122,css,08fa49f9,Irelia-ja,2025-02-08,19:37:01,-08:00,2025-02-08T19:37:01-08:00,0,15
style.css,123,css,08fa49f9,Irelia-ja,2025-02-08,19:37:01,-08:00,2025-02-08T19:37:01-08:00,0,17
style.css,124,css,08fa49f9,Irelia-ja,2025-02-08,19:37:01,-08:00,2025-02-08T19:37:01-08:00,0,17
style.css,125,css,08fa49f9,Irelia-ja,2025-02-08,19:37:01,-08:00,2025-02-08T19:37:01-08:00,0,0
style.css,126,css,08fa49f9,Irelia-ja,2025-02-08,19:37:01,-08:00,2025-02-08T19:37:01-08:00,0,12
style.css,127,css,08fa49f9,Irelia-ja,2025-02-08,19:37:01,-08:00,2025-02-08T19:37:01-08:00,0,21
style.css,128,css,08fa49f9,Irelia-ja,2025-02-08,19:37:01,-08:00,2025-02-08T19:37:01-08:00,0,11
style.css,129,css,08fa49f9,Irelia-ja,2025-02-08,19:37:01,-08:00,2025-02-08T19:37:01-08:00,0,19
style.css,130,css,08fa49f9,Irelia-ja,2025-02-08,19:37:01,-08:00,2025-02-08T19:37:01-08:00,0,30
style.css,131,css,08fa49f9,Irelia-ja,2025-02-08,19:37:01,-08:00,2025-02-08T19:37:01-08:00,0,18
style.css,132,css,08fa49f9,Irelia-ja,2025-02-08,19:37:01,-08:00,2025-02-08T19:37:01-08:00,0,0
style.css,133,css,08fa49f9,Irelia-ja,2025-02-08,19:37:01,-08:00,2025-02-08T19:37:01-08:00,0,10
style.css,134,css,08fa49f9,Irelia-ja,2025-02-08,19:37:01,-08:00,2025-02-08T19:37:01-08:00,0,13
style.css,135,css,08fa49f9,Irelia-ja,2025-02-08,19:37:01,-08:00,2025-02-08T19:37:01-08:00,0,58
style.css,136,css,08fa49f9,Irelia-ja,2025-02-08,19:37:01,-08:00,2025-02-08T19:37:01-08:00,0,18
style.css,137,css,08fa49f9,Irelia-ja,2025-02-08,19:37:01,-08:00,2025-02-08T19:37:01-08:00,0,11
style.css,138,css,08fa49f9,Irelia-ja,2025-02-08,19:37:01,-08:00,2025-02-08T19:37:01-08:00,0,7
style.css,139,css,08fa49f9,Irelia-ja,2025-02-08,19:37:01,-08:00,2025-02-08T19:37:01-08:00,0,0
style.css,140,css,08fa49f9,Irelia-ja,2025-02-08,19:37:01,-08:00,2025-02-08T19:37:01-08:00,0,15
style.css,141,css,08fa49f9,Irelia-ja,2025-02-08,19:37:01,-08:00,2025-02-08T19:37:01-08:00,0,13
style.css,142,css,08fa49f9,Irelia-ja,2025-02-08,19:37:01,-08:00,2025-02-08T19:37:01-08:00,0,19
style.css,143,css,08fa49f9,Irelia-ja,2025-02-08,19:37:01,-08:00,2025-02-08T19:37:01-08:00,0,10
style.css,144,css,08fa49f9,Irelia-ja,2025-02-08,19:37:01,-08:00,2025-02-08T19:37:01-08:00,0,0
style.css,145,css,08fa49f9,Irelia-ja,2025-02-08,19:37:01,-08:00,2025-02-08T19:37:01-08:00,0,14
style.css,146,css,08fa49f9,Irelia-ja,2025-02-08,19:37:01,-08:00,2025-02-08T19:37:01-08:00,0,13
style.css,147,css,08fa49f9,Irelia-ja,2025-02-08,19:37:01,-08:00,2025-02-08T19:37:01-08:00,0,19
style.css,148,css,08fa49f9,Irelia-ja,2025-02-08,19:37:01,-08:00,2025-02-08T19:37:01-08:00,0,9
style.css,149,css,08fa49f9,Irelia-ja,2025-02-08,19:37:01,-08:00,2025-02-08T19:37:01-08:00,0,0
style.css,150,css,08fa49f9,Irelia-ja,2025-02-08,19:37:01,-08:00,2025-02-08T19:37:01-08:00,0,18
style.css,151,css,08fa49f9,Irelia-ja,2025-02-08,19:37:01,-08:00,2025-02-08T19:37:01-08:00,0,17
style.css,152,css,08fa49f9,Irelia-ja,2025-02-08,19:37:01,-08:00,2025-02-08T19:37:01-08:00,0,12
style.css,153,css,08fa49f9,Irelia-ja,2025-02-08,19:37:01,-08:00,2025-02-08T19:37:01-08:00,0,0
style.css,154,css,08fa49f9,Irelia-ja,2025-02-08,19:37:01,-08:00,2025-02-08T19:37:01-08:00,0,0
style.css,155,css,08fa49f9,Irelia-ja,2025-02-08,19:37:01,-08:00,2025-02-08T19:37:01-08:00,0,5
style.css,156,css,08fa49f9,Irelia-ja,2025-02-08,19:37:01,-08:00,2025-02-08T19:37:01-08:00,0,17
style.css,157,css,08fa49f9,Irelia-ja,2025-02-08,19:37:01,-08:00,2025-02-08T19:37:01-08:00,0,15
style.css,158,css,08fa49f9,Irelia-ja,2025-02-08,19:37:01,-08:00,2025-02-08T19:37:01-08:00,0,0
style.css,159,css,08fa49f9,Irelia-ja,2025-02-08,19:37:01,-08:00,2025-02-08T19:37:01-08:00,0,10
style.css,160,css,08fa49f9,Irelia-ja,2025-02-08,19:37:01,-08:00,2025-02-08T19:37:01-08:00,0,36
style.css,161,css,08fa49f9,Irelia-ja,2025-02-08,19:37:01,-08:00,2025-02-08T19:37:01-08:00,0,0
style.css,162,css,08fa49f9,Irelia-ja,2025-02-08,19:37:01,-08:00,2025-02-08T19:37:01-08:00,0,11
style.css,163,css,08fa49f9,Irelia-ja,2025-02-08,19:37:01,-08:00,2025-02-08T19:37:01-08:00,0,18
style.css,164,css,08fa49f9,Irelia-ja,2025-02-08,19:37:01,-08:00,2025-02-08T19:37:01-08:00,0,0
style.css,165,css,b0d8593a,Irelia-ja,2025-01-17,19:02:24,-08:00,2025-01-17T19:02:24-08:00,0,0
index.js,1,js,f1c166a1,Irelia-ja,2025-01-31,20:42:16,-08:00,2025-01-31T20:42:16-08:00,0,71
index.js,2,js,08fa49f9,Irelia-ja,2025-02-08,19:37:01,-08:00,2025-02-08T19:37:01-08:00,0,55
index.js,3,js,08fa49f9,Irelia-ja,2025-02-08,19:37:01,-08:00,2025-02-08T19:37:01-08:00,0,43
index.js,4,js,08fa49f9,Irelia-ja,2025-02-08,19:37:01,-08:00,2025-02-08T19:37:01-08:00,0,26
index.js,5,js,08fa49f9,Irelia-ja,2025-02-08,19:37:01,-08:00,2025-02-08T19:37:01-08:00,0,61
index.js,6,js,08fa49f9,Irelia-ja,2025-02-08,19:37:01,-08:00,2025-02-08T19:37:01-08:00,0,30
index.js,7,js,08fa49f9,Irelia-ja,2025-02-08,19:37:01,-08:00,2025-02-08T19:37:01-08:00,0,29
index.js,8,js,08fa49f9,Irelia-ja,2025-02-08,19:37:01,-08:00,2025-02-08T19:37:01-08:00,0,62
index.js,9,js,08fa49f9,Irelia-ja,2025-02-08,19:37:01,-08:00,2025-02-08T19:37:01-08:00,0,55
index.js,10,js,08fa49f9,Irelia-ja,2025-02-08,19:37:01,-08:00,2025-02-08T19:37:01-08:00,0,7
index.js,11,js,08fa49f9,Irelia-ja,2025-02-08,19:37:01,-08:00,2025-02-08T19:37:01-08:00,0,69
index.js,12,js,08fa49f9,Irelia-ja,2025-02-08,19:37:01,-08:00,2025-02-08T19:37:01-08:00,0,0
index.js,13,js,08fa49f9,Irelia-ja,2025-02-08,19:37:01,-08:00,2025-02-08T19:37:01-08:00,0,59
index.js,14,js,08fa49f9,Irelia-ja,2025-02-08,19:37:01,-08:00,2025-02-08T19:37:01-08:00,0,61
index.js,15,js,08fa49f9,Irelia-ja,2025-02-08,19:37:01,-08:00,2025-02-08T19:37:01-08:00,0,18
index.js,16,js,08fa49f9,Irelia-ja,2025-02-08,19:37:01,-08:00,2025-02-08T19:37:01-08:00,0,25
index.js,17,js,08fa49f9,Irelia-ja,2025-02-08,19:37:01,-08:00,2025-02-08T19:37:01-08:00,0,3
index.js,18,js,08fa49f9,Irelia-ja,2025-02-08,19:37:01,-08:00,2025-02-08T19:37:01-08:00,0,56
index.js,19,js,08fa49f9,Irelia-ja,2025-02-08,19:37:01,-08:00,2025-02-08T19:37:01-08:00,0,56
index.js,20,js,08fa49f9,Irelia-ja,2025-02-08,19:37:01,-08:00,2025-02-08T19:37:01-08:00,0,50
index.js,21,js,08fa49f9,Irelia-ja,2025-02-08,19:37:01,-08:00,2025-02-08T19:37:01-08:00,0,50
index.js,22,js,08fa49f9,Irelia-ja,2025-02-08,19:37:01,-08:00,2025-02-08T19:37:01-08:00,0,4
index.js,23,js,08fa49f9,Irelia-ja,2025-02-08,19:37:01,-08:00,2025-02-08T19:37:01-08:00,0,1
index.js,24,js,08fa49f9,Irelia-ja,2025-02-08,19:37:01,-08:00,2025-02-08T19:37:01-08:00,0,0
